"ID_TEMPO";"ID_PODER";"ID_UNIDADE_ORC";"ANO_PARTICAO";"VR_ATIVO";"VR_INATIVO";"VR_PENSIONISTA";"VR_CONTRATADO"
4017;3;7426;2016;167830,87;0;0;0
4018;3;7413;2016;0;0;30737698,54;0
4018;3;7606;2016;286175,81;0;0;0
4013;1;7597;2016;0;0;0;0
4007;3;7418;2016;2101328,06;0;0;0
4007;3;7404;2016;587004,56;0;0;2330,31
4007;3;7407;2016;435675,57;0;0;0
4008;3;7603;2016;286675,47;0;0;0
4007;3;7601;2016;447333,31;0;0;0
4010;3;7604;2016;762304,06;0;0;0
4010;4;7352;2016;0;0;0;0
4011;3;7365;2016;797374,59;0;0;0
4012;3;7422;2016;4769537,65;0;0;0
4012;3;7424;2016;1163180,88;0;102869191,9;0
4013;3;7354;2016;88117,44;0;0;0
4014;3;7431;2016;590234,6;0;0;0
4014;3;7376;2016;646637,58;0;0;0
4017;3;7368;2016;6277253,87;0;0;4692,93
4017;3;7421;2016;1260008,28;0;0;0
4017;1;7610;2016;0;0;0;0
4018;3;7598;2016;20637835,02;0;0;0
4010;3;7608;2016;6441615,25;0;0;0
4015;3;7608;2016;7475995,49;0;0;0
4011;3;7607;2016;22442364,41;0;0;0
4009;3;7401;2016;203608,77;0;0;0
4012;3;7600;2016;1137886,3;0;0;247318,51
4012;3;7363;2016;810442,6;0;0;0
4012;3;7401;2016;182928,91;0;0;0
4013;3;7396;2016;1928774,27;0;0;0
4014;3;7435;2016;4500894,56;0;0;7016,67
4016;3;7357;2016;73389115,85;0;0;0
4016;3;7348;2016;507213,38;0;0;0
4016;3;7383;2016;0;0;0;0
4018;3;7360;2016;1158687,85;0;0;0
4018;3;7371;2016;1375000,28;0;0;0
4008;3;7433;2016;800837,39;0;0;0
4009;4;7350;2016;85990977,7;22716790,97;4746598,88;0
4009;3;7437;2016;569394,03;0;0;0
4010;3;7369;2016;0;0;0;0
4010;3;7413;2016;0;0;15649557,68;0
4011;3;7431;2016;651298,19;0;0;0
4008;3;7387;2016;119264495,49;0;0;0
4009;3;7387;2016;123764683,26;0;0;400,21
4010;3;7367;2016;28846779,81;0;0;174945,81
4010;3;7353;2016;327343,86;0;0;0
4012;3;7427;2016;807788,33;0;0;0
4012;3;7612;2016;0;0;0;0
4013;3;7424;2016;667745,33;0;103418412,55;0
4014;3;7363;2016;837997,48;0;0;0
4014;3;7599;2016;38880,54;0;0;0
4015;3;7365;2016;817975,89;0;0;9898,37
4015;3;7429;2016;160668,44;0;0;1282,06
4018;3;7419;2016;1264723,61;0;0;0
4011;3;7609;2016;576192,47;0;0;0
4012;3;7608;2016;7839762,63;0;0;0
4008;3;7373;2016;74691863,2;0;0;64336184,28
4008;3;7381;2016;2322690,82;0;0;0
4008;3;7405;2016;879793,24;0;0;0
4007;3;7354;2016;89421,44;0;0;0
4009;3;7428;2016;190149,83;0;1026,66;0
4008;3;7369;2016;0;0;0;0
4012;3;7373;2016;65377796,67;0;0;62687399,36
4012;3;7383;2016;0;0;0;0
4012;3;7425;2016;0;0;0;0
4014;3;7386;2016;9366166,38;0;0;358071,02
4015;3;7430;2016;1465965,68;0;880;0
4015;3;7595;2016;912362,25;0;0;0
4015;4;7352;2016;0;0;0;0
4016;3;7349;2016;24588609,88;0;0;0
4017;3;7425;2016;0;0;0;0
4018;3;7409;2016;0;0;0;0
4018;3;7426;2016;3242577,87;0;0;0
4007;3;7385;2016;1736036,31;0;0;0
4008;3;7370;2016;54436724,55;22044699,96;0;0
4008;3;7430;2016;1383695,98;0;880;0
4009;3;7381;2016;2272540,42;0;0;0
4009;3;7386;2016;9315700,03;0;0;355184,65
4010;1;7343;2016;48815938,37;23139714,82;173763,76;0
4011;3;7359;2016;340881,39;0;0;0
4011;3;7439;2016;0;0;0;0
4012;3;7386;2016;9449775,96;0;0;400839,24
4013;3;7421;2016;1273409,79;0;0;0
4013;3;7407;2016;399961,97;0;0;0
4013;3;7409;2016;0;0;0;0
4014;3;7362;2016;645662496,22;0;0;217415,49
4013;4;7352;2016;0;0;0;0
4014;3;7438;2016;7975597,28;0;231703,13;0
4014;3;7405;2016;1047507,32;0;0;0
4015;3;7428;2016;217022,34;0;440;0
4015;3;7383;2016;0;0;0;0
4015;3;7437;2016;499470,08;0;0;0
4015;3;7353;2016;283340,31;0;0;0
4016;3;7407;2016;387568,21;0;0;0
4017;3;7424;2016;665138,43;0;103673468,88;0
4017;3;7419;2016;1970395,27;0;0;0
4017;3;7369;2016;0;0;0;0
4018;3;7602;2016;854152,28;0;0;0
4018;2;7347;2016;4135616,69;1536202,89;211943,2;0
4018;3;7605;2016;4565,47;0;0;0
4009;3;7422;2016;5109973,38;0;0;0
4009;3;7395;2016;0;0;0;0
4009;3;7439;2016;0;0;0;0
4011;2;7347;2016;2028973,14;714712,52;121207,16;0
4013;3;7405;2016;882091,36;0;0;0
4014;3;7403;2016;934082,13;0;0;0
4015;3;7422;2016;4985706,32;0;0;0
4015;3;7600;2016;950638,8;0;0;244477,21
4016;3;7401;2016;176895,57;0;0;0
4007;1;7343;2016;48166315,69;22926854,92;173763,76;0
4007;3;7428;2016;207301,11;0;1026,66;0
4008;3;7363;2016;828147,77;0;0;0
4009;3;7379;2016;601461,43;0;0;0
4010;3;7372;2016;18638727,49;7115259;0;0
4011;3;7361;2016;363767797,1;417737414,41;0;0
4011;3;7373;2016;65579071,17;0;0;62867921,09
4011;3;7409;2016;0;0;0;0
4012;3;7395;2016;0;0;0;0
4012;3;7602;2016;486334,38;0;0;0
4013;3;7349;2016;12834666,27;0;0;0
4013;3;7371;2016;517552,73;0;0;0
4013;3;7429;2016;164089,57;0;0;1643,56
4015;3;7397;2016;571709,29;0;0;16180,57
4015;3;7385;2016;1630775,41;0;0;0
4016;3;7431;2016;581064,48;0;0;0
4017;3;7417;2016;166644,56;0;0;0
4018;3;7359;2016;710335,64;0;0;0
4018;1;7344;2016;33114853,31;12768048,81;118227,02;0
4016;3;7374;2016;0;0;0;0
4015;3;7401;2016;176926,53;0;0;0
4016;3;7359;2016;898002,03;0;0;0
4017;3;7371;2016;34437,75;0;0;0
4018;3;7353;2016;443895,6;0;0;0
4007;3;7415;2016;17444374,97;0;7920;2687,66
4007;3;7413;2016;0;0;15812335;0
4008;3;7423;2016;462814,53;0;1297,81;0
4008;3;7605;2016;161414,5;0;0;0
4009;3;7432;2016;1054407,15;0;0;88563,87
4009;3;7427;2016;719020,7;0;0;0
4010;3;7435;2016;4388019,7;0;0;149933,57
4010;3;7595;2016;1016582,62;0;0;0
4010;2;7347;2016;1830943,98;716589,84;121207,16;0
4010;3;7424;2016;638213,22;0;101668607,26;0
4012;3;7370;2016;55105675,93;23004764,58;0;0
4012;3;7400;2016;916761,16;0;0;0
4013;3;7426;2016;1292751,43;0;0;0
4013;3;7605;2016;148744,49;0;0;0
4016;3;7433;2016;744508,71;0;0;0
4016;3;7428;2016;189291,62;0;440;0
4017;3;7606;2016;146944,77;0;0;0
4018;3;7396;2016;3665067,35;0;0;0
4018;3;7424;2016;1339880,9;0;204784337,25;0
4013;3;7609;2016;559502,41;0;0;0
4008;3;7367;2016;27906209,28;0;0;250822,35
4007;3;7427;2016;793607,85;0;0;0
4008;3;7376;2016;735480,73;0;0;0
4009;3;7372;2016;18774918,65;7040547,83;0;0
4009;3;7409;2016;0;0;0;0
4011;3;7434;2016;1004150,44;0;0;0
4011;3;7419;2016;480848,61;0;0;0
4013;3;7411;2016;5916,31;701874527,09;132872722,38;0
4015;2;7346;2016;0;0;0;0
4016;4;7351;2016;0;0;0;0
4016;3;7416;2016;0;0;0;0
4017;3;7407;2016;390965,98;0;0;0
4014;1;7597;2016;0;0;0;0
4007;3;7437;2016;546966,03;0;0;1795,13
4009;3;7376;2016;742099,48;0;0;0
4009;1;7610;2016;0;0;0;0
4010;3;7370;2016;54157489,36;22557299,26;0;0
4011;3;7372;2016;18657328,23;7001938,18;0;0
4008;3;7419;2016;476689,47;0;0;0
4009;3;7362;2016;519382169,53;0;0;173322,4
4009;3;7396;2016;1650543,81;0;0;0
4010;3;7371;2016;477232,53;0;0;0
4013;3;7348;2016;551320,97;0;0;0
4014;3;7428;2016;202476,61;0;0;0
4014;3;7397;2016;575319,1;0;0;0
4015;3;7409;2016;0;0;0;0
4015;3;7399;2016;0;0;0;0
4015;3;7426;2016;1211243,87;0;0;0
4016;3;7430;2016;1445639,76;0;880;0
4016;3;7411;2016;5901,31;734889736,07;131187492,63;0
4014;3;7353;2016;291765,26;0;0;0
4018;3;7367;2016;81693620,06;0;0;0
4018;3;7405;2016;1772705,1;0;0;0
4018;3;7411;2016;11676,31;1490482321,04;257292685,07;0
4018;3;7425;2016;0;0;0;0
4007;3;7609;2016;544351,14;0;0;0
4007;3;7370;2016;55156205,92;21800472,3;0;0
4007;3;7381;2016;2446907,47;0;0;0
4009;3;7601;2016;414037,84;0;0;0
4009;1;7344;2016;32379870,84;11235492,26;118227,02;0
4010;3;7439;2016;0;0;0;0
4010;1;7610;2016;0;0;0;0
4013;3;7419;2016;447798,36;0;0;0
4013;1;7610;2016;0;0;0;0
4014;3;7419;2016;446513,01;0;0;0
4015;3;7427;2016;860309,26;0;0;0
4016;3;7381;2016;2198517,71;0;0;0
4017;3;7405;2016;869249,09;0;0;0
4017;3;7430;2016;1453183,43;0;880;0
4018;3;7440;2016;25913773,49;0;0;1212908,98
4007;3;7417;2016;177435,58;0;0;0
4007;3;7603;2016;293261,44;0;0;0
4009;3;7359;2016;343652,67;0;0;0
4009;3;7605;2016;159947,67;0;0;0
4010;3;7436;2016;56791073,73;0;64732,69;8733457,15
4012;3;7361;2016;370634886,04;420575870,01;0;0
4010;3;7396;2016;1644432,71;0;0;0
4010;4;7351;2016;0;0;0;0
4011;3;7354;2016;94668,51;0;0;0
4012;3;7403;2016;955740,21;0;0;0
4013;3;7601;2016;452957,13;0;0;0
4013;3;7612;2016;0;0;0;0
4015;3;7438;2016;17015545,24;0;219478,89;0
4015;3;7596;2016;8713311,25;0;0;1149304,5
4012;3;7599;2016;38922,49;0;0;0
4013;3;7363;2016;824683,52;0;0;0
4016;3;7438;2016;7616179,13;0;219478,89;0
4016;3;7606;2016;144674,8;0;0;0
4018;3;7416;2016;0;0;0;0
4010;3;7607;2016;18752718,65;0;0;0
4007;3;7422;2016;5424607,71;0;0;0
4008;4;7350;2016;82937434,89;22924156,89;4731120,93;0
4008;3;7604;2016;764111,07;0;0;0
4007;3;7440;2016;15951612,37;0;0;127586,04
4008;4;7352;2016;0;0;0;0
4009;3;7433;2016;808911,07;0;0;0
4009;3;7423;2016;433306,29;0;1297,81;0
4009;3;7612;2016;0;0;0;0
4010;3;7373;2016;66008669,21;0;0;63302967,88
4010;3;7431;2016;644801,38;0;0;0
4012;3;7357;2016;75258865,25;0;0;0
4011;3;7427;2016;879888,62;0;0;0
4011;3;7438;2016;7991517,04;0;222023,76;0
4011;3;7596;2016;8785339,73;0;0;1178182,34
4011;3;7604;2016;736968,27;0;0;0
4013;3;7357;2016;76837950,3;0;0;0
4014;3;7429;2016;164792,78;0;0;2011,05
4015;3;7604;2016;683869,13;0;0;0
4016;3;7362;2016;635148010,12;0;0;189629,07
4016;3;7434;2016;964009,5;0;0;0
4016;3;7369;2016;0;0;0;0
4016;3;7439;2016;0;0;0;0
4017;3;7349;2016;10998327,55;0;0;0
4013;3;7607;2016;17313308,65;0;0;0
4008;3;7357;2016;77854875,93;0;0;0
4010;3;7418;2016;2184614,12;0;0;6922,06
4011;3;7379;2016;556920,85;0;0;0
4011;3;7430;2016;1451586,53;0;880;0
4013;1;7344;2016;32038704,01;11955929,69;118227,02;0
4013;3;7404;2016;544047,71;0;0;0
4013;3;7386;2016;9566740,93;0;0;390195,76
4016;3;7596;2016;8621168,7;0;0;1129739,35
4016;3;7604;2016;695914,28;0;0;0
4016;3;7400;2016;890928,56;0;0;0
4018;3;7401;2016;339536,48;0;0;0
4018;3;7423;2016;833296,48;0;2595,62;0
4016;3;7424;2016;646780,11;0;104060797,27;0
4017;3;7596;2016;8532217,4;0;0;1080460,66
4017;3;7440;2016;13159677,95;0;0;681987,47
4018;3;7441;2016;14565233,98;0;586,66;946598,45
4007;3;7376;2016;763889,1;0;0;0
4008;3;7400;2016;862758,25;0;0;0
4007;3;7599;2016;40714,63;0;0;0
4008;3;7354;2016;90632,73;0;0;0
4009;3;7438;2016;8255821,93;0;260970,99;0
4009;3;7371;2016;486846,07;0;0;0
4011;3;7368;2016;5987180,83;0;0;0
4011;3;7381;2016;2349869,28;0;0;0
4011;3;7598;2016;10501641,86;0;0;0
4011;3;7407;2016;388241,25;0;0;0
4011;3;7376;2016;777150,43;0;0;0
4012;3;7604;2016;726146,62;0;0;0
4013;3;7381;2016;2360109,51;0;0;0
4013;3;7417;2016;157856,46;0;0;0
4015;4;7350;2016;92223807,2;27177696,81;7061409,3;0
4016;3;7417;2016;165104,13;0;0;0
4015;3;7416;2016;0;0;0;0
4017;3;7359;2016;354068,57;0;0;0
4017;3;7429;2016;151270,76;0;0;0
4018;3;7525;2016;251535,37;0;0;0
4018;2;7346;2016;0;0;0;0
4018;3;7632;2016;0;0;0;0
4007;3;7386;2016;9516965,71;0;0;401963,81
4007;3;7419;2016;544275,39;0;0;0
4007;3;7604;2016;788479,5;0;0;0
4010;3;7425;2016;0;0;0;0
4012;1;7343;2016;53530242,29;24474392,44;180194,89;0
4012;3;7407;2016;381287,67;0;0;0
4013;3;7373;2016;66226038,01;0;0;62765770,43
4014;1;7343;2016;54470600,64;24487751,32;191539,55;0
4014;3;7349;2016;12759078,31;0;0;0
4014;3;7605;2016;149025,96;0;0;0
4015;3;7381;2016;2333925,39;0;0;0
4014;3;7425;2016;0;0;0;0
4016;3;7370;2016;54186423,74;24592793,2;0;0
4016;2;7346;2016;0;0;0;0
4016;3;7385;2016;1684186,31;0;0;0
4017;4;7350;2016;93696566,2;29883013,05;4682130,41;0
4017;3;7395;2016;0;0;0;0
4018;3;7421;2016;2457530,49;0;0;0
4018;3;7362;2016;1230575469,07;0;0;281877,24
4018;3;7403;2016;1752554,69;0;0;0
4009;3;7609;2016;589146,78;0;0;0
4017;1;7597;2016;0;0;0;0
4007;3;7379;2016;632531,12;0;0;0
4007;3;7349;2016;12080648,27;0;0;0
4008;3;7362;2016;453159062,46;0;0;178234,82
4008;3;7411;2016;6169,15;635491894,25;128624092,22;0
4009;3;7596;2016;8646905,56;0;0;1168803,2
4009;4;7352;2016;0;0;0;0
4009;3;7603;2016;297260,51;0;0;0
4010;3;7421;2016;1278631,84;0;0;0
4010;3;7368;2016;5952826,99;0;0;837,94
4010;3;7379;2016;575351,44;0;0;0
4011;4;7350;2016;93161879,26;21959053,74;4705407,93;0
4009;3;7608;2016;6476279,37;0;0;0
4012;3;7423;2016;474420,03;0;473,27;0
4008;3;7441;2016;7466889,29;0;0;519491,12
4008;3;7409;2016;0;0;0;0
4008;3;7596;2016;6542070,73;0;0;1136144,13
4008;3;7440;2016;10607664,36;0;0;134151,87
4008;3;7360;2016;652908,13;0;0;0
4008;3;7395;2016;0;0;0;0
4009;3;7604;2016;782423,93;0;0;0
4008;3;7439;2016;0;0;0;0
4010;3;7598;2016;10554304,92;0;0;0
4010;3;7417;2016;170894,61;0;0;0
4012;3;7437;2016;536879,43;0;0;0
4011;3;7422;2016;4731026,66;0;0;0
4011;3;7428;2016;210262,39;0;440;0
4012;3;7413;2016;0;0;15723347,09;0
4015;3;7436;2016;56476177,51;0;66535,63;9500569,28
4015;3;7348;2016;503949,93;0;0;0
4017;3;7367;2016;691041,57;0;0;1849,34
4017;3;7401;2016;178878,08;0;0;0
4017;3;7432;2016;908798,57;0;0;43876,63
4017;3;7413;2016;0;0;15782123,7;0
4018;3;7601;2016;733052,75;0;0;0
4010;1;7597;2016;0;0;0;0
4008;3;7415;2016;16830185,3;0;7920;0
4007;3;7423;2016;513699,13;0;1297,81;0
4011;3;7602;2016;523999,05;0;0;0
4011;3;7353;2016;341171,46;0;0;0
4013;2;7346;2016;0;0;0;0
4013;3;7397;2016;591928,75;0;0;0
4014;3;7371;2016;473503,61;0;0;0
4015;3;7395;2016;0;0;0;0
4016;3;7395;2016;0;0;0;0
4017;3;7357;2016;76858345,97;0;0;0
4011;1;7597;2016;0;0;0;0
4009;1;7343;2016;48689212,92;23131734,32;173763,76;0
4012;3;7606;2016;152210,36;0;0;0
4013;3;7387;2016;129443650,1;0;0;0
4013;3;7595;2016;971214,79;0;0;0
4013;3;7604;2016;737511;0;0;0
4014;3;7440;2016;11723573,33;0;0;670594,56
4014;4;7352;2016;0;0;0;0
4014;3;7354;2016;87365,02;0;0;0
4012;3;7603;2016;307194,35;0;0;0
4013;3;7361;2016;376580220,86;422684373,2;0;0
4014;3;7372;2016;18769010,56;6320041,21;0;0
4014;3;7595;2016;936990,26;0;0;0
4016;3;7372;2016;19170150,31;6170292,49;0;0
4016;2;7345;2016;234391369,88;78662777,81;13533710,23;0
4017;3;7598;2016;10138244,99;0;0;2779,95
4017;3;7353;2016;232956,15;0;0;0
4007;3;7387;2016;124403895,81;0;0;0
4007;3;7438;2016;8850200,62;0;231336,59;0
4007;3;7403;2016;1011914,74;0;0;0
4012;3;7362;2016;597098994,36;0;0;244106,31
4011;1;7343;2016;60535755,49;25713141,73;209315,34;0
4013;4;7350;2016;118878376,43;28411910,54;7017614,95;0
4013;3;7370;2016;53899617,93;23289536,17;0;0
4014;3;7427;2016;862961,58;0;0;0
4016;3;7429;2016;157571,78;0;0;0
4017;3;7438;2016;75749593,16;0;225026,41;0
4007;3;7602;2016;562299,56;0;0;0
4007;2;7345;2016;212819401,57;53209921,6;13279525,52;0
4007;3;7363;2016;856766,47;0;0;0
4009;3;7399;2016;0;0;0;0
4012;3;7595;2016;952590,41;0;0;0
4012;3;7397;2016;594082,87;0;0;0
4011;3;7370;2016;53840556,24;22798418,72;0;0
4011;3;7603;2016;309515,54;0;0;0
4011;3;7600;2016;848924,01;0;0;252362
4011;3;7348;2016;510398,16;0;0;0
4011;3;7411;2016;6081,31;715217499,57;132832446,46;0
4013;2;7345;2016;289798452,89;96106530,59;15048058,04;0
4014;2;7346;2016;0;0;0;0
4014;3;7379;2016;620050,01;0;0;0
4015;3;7415;2016;21779282,14;0;8800;0
4016;3;7363;2016;808487,84;0;0;0
4018;3;7383;2016;0;0;0;0
4016;3;7403;2016;889825,9;0;0;0
4016;3;7432;2016;894293,48;0;0;50916,43
4016;3;7371;2016;488927,75;0;0;0
4017;3;7433;2016;752839,51;0;0;0
4017;3;7348;2016;482843,4;0;0;0
4018;3;7422;2016;9245058,91;0;0;0
4018;3;7357;2016;140794685,94;0;0;0
4017;2;7345;2016;217612916,17;78619045,61;13605302,26;0
4018;3;7348;2016;1052567,26;0;0;0
4018;3;7607;2016;22556160,02;0;0;0
4012;3;7607;2016;21008397,15;0;0;0
4008;3;7386;2016;9050573,23;0;0;340608,56
4008;3;7595;2016;1037105,07;0;0;0
4009;3;7429;2016;169823,96;0;0;2209,92
4009;3;7424;2016;643932,26;0;101477117,66;0
4011;2;7346;2016;0;0;0;0
4012;3;7428;2016;235310,52;0;440;0
4012;3;7416;2016;0;0;0;0
4013;3;7599;2016;41744,97;0;0;0
4014;3;7387;2016;126672435,69;0;0;0
4014;3;7380;2016;0;0;0;0
4014;3;7603;2016;307854,36;0;0;0
4015;3;7361;2016;392315844,6;435953517,13;0;0
4015;3;7435;2016;4525208,99;0;0;8941,11
4015;3;7419;2016;492525,65;0;0;0
4016;3;7605;2016;112906,25;0;0;0
4016;3;7601;2016;387895,4;0;0;0
4017;3;7365;2016;765784,98;0;0;646,79
4017;3;7609;2016;710179,18;0;0;0
4008;3;7361;2016;377773047,24;421985130,59;0;0
4008;3;7385;2016;1715097,79;0;0;0
4007;4;7352;2016;0;0;0;0
4009;3;7434;2016;1012562,99;0;0;0
4010;3;7385;2016;1679974,27;0;0;0
4011;3;7357;2016;76117851,47;0;0;0
4013;3;7368;2016;6379445,52;0;0;3653,46
4013;3;7418;2016;2307222,74;0;0;4405,58
4014;3;7373;2016;65141908,74;0;0;63650888,4
4014;3;7359;2016;335629,87;0;0;0
4015;3;7359;2016;338488,27;0;0;0
4016;3;7387;2016;127733154,84;0;0;0
4016;3;7426;2016;1188465,61;0;0;0
4017;3;7434;2016;977785,29;0;0;0
4007;3;7409;2016;0;0;0;0
4010;1;7344;2016;32211170,18;11446513,55;118227,02;0
4012;3;7399;2016;0;0;0;0
4007;4;7350;2016;82579605,29;22509557,98;4721906,96;0
4007;3;7372;2016;18878819,27;6949973,35;0;0
4009;3;7426;2016;1242028,19;0;0;0
4009;3;7400;2016;878935,43;0;0;0
4008;3;7413;2016;0;0;15767394,16;0
4011;3;7403;2016;925890,32;0;0;0
4012;3;7365;2016;804760,23;0;0;0
4013;3;7434;2016;1356863,8;0;0;0
4013;3;7359;2016;333729,55;0;0;0
4013;3;7423;2016;437680,41;0;1297,81;0
4014;3;7606;2016;151733,96;0;0;0
4015;3;7373;2016;60228852,17;0;0;51324579,29
4015;3;7421;2016;1222283,76;0;0;0
4016;3;7353;2016;259180,99;0;0;0
4015;3;7380;2016;0;0;0;0
4017;3;7397;2016;590487,71;0;0;0
4017;3;7612;2016;0;0;0;0
4017;3;7600;2016;761113,19;0;0;24865,23
4018;3;7404;2016;1013219,58;0;0;0
4014;3;7607;2016;18308058,6;0;0;0
4014;3;7609;2016;529151,26;0;0;0
4007;3;7433;2016;869333,51;0;0;0
4008;3;7437;2016;568374,35;0;0;0
4007;3;7605;2016;167984,07;0;0;0
4009;3;7365;2016;828482,1;0;0;231,12
4010;3;7348;2016;537983,34;0;0;0
4012;3;7367;2016;28110329,29;0;0;48849,82
4011;3;7363;2016;888308,82;0;0;0
4012;3;7432;2016;937564,56;0;0;86701,44
4014;3;7383;2016;0;0;0;0
4014;3;7413;2016;0;0;15497980,59;0
4018;3;7432;2016;1758320,3;0;0;78972,74
4018;3;7379;2016;1055389,83;0;0;0
4007;3;7397;2016;595128,8;0;0;0
4007;3;7405;2016;915557,41;0;0;0
4009;3;7415;2016;20589794,12;0;7040;1950,4
4009;3;7421;2016;1291551,29;0;0;0
4010;3;7612;2016;0;0;0;0
4011;3;7362;2016;679546530,92;0;0;249435,14
4012;3;7440;2016;13113337,5;0;0;716456,91
4012;3;7379;2016;570607,77;0;0;0
4012;3;7417;2016;166944,47;0;0;0
4012;3;7431;2016;632334,03;0;0;0
4012;3;7405;2016;981247,45;0;0;0
4014;2;7345;2016;208992847,54;82156149,86;13492657,23;0
4015;3;7431;2016;642846,11;0;0;0
4015;3;7411;2016;5931,31;728540676,69;131786898,88;0
4016;3;7404;2016;522922,03;0;0;0
4018;3;7430;2016;2863910,2;0;1760;0
4008;3;7609;2016;536999,39;0;0;0
4009;1;7597;2016;0;0;0;0
4016;3;7609;2016;538512,81;0;0;0
4007;3;7436;2016;58380380,02;0;43365,06;8923011,54
4010;3;7437;2016;572198,82;0;0;0
4011;3;7399;2016;0;0;0;0
4012;4;7352;2016;0;0;0;0
4012;1;7610;2016;0;0;0;0
4014;3;7596;2016;8530479,29;0;0;1174032,47
4015;3;7367;2016;28043464,96;0;0;9894,01
4016;3;7423;2016;438718,1;0;1297,81;0
4016;3;7379;2016;519848,14;0;0;0
4017;3;7599;2016;39464,8;0;0;0
4018;3;7373;2016;132482630,78;0;0;130197957,65
4018;3;7368;2016;11753786,07;0;0;3739,87
4018;3;7387;2016;239541054,02;0;0;0
4015;3;7607;2016;18093994,9;0;0;0
4008;3;7397;2016;559343,93;0;0;0
4009;3;7360;2016;622466,8;0;0;0
4009;3;7599;2016;38495,61;0;0;0
4010;3;7363;2016;823557,15;0;0;0
4010;3;7429;2016;168569,32;0;0;1999,05
4011;3;7424;2016;680035,5;0;102225350,56;0
4012;3;7359;2016;339100,75;0;0;0
4015;3;7379;2016;555406,73;0;0;0
4016;3;7421;2016;1211315,08;0;0;0
4017;3;7602;2016;421561,34;0;0;0
4017;3;7399;2016;0;0;0;0
4018;3;7374;2016;0;0;0;0
4018;4;7352;2016;0;0;0;0
4015;1;7610;2016;0;0;0;0
4017;3;7372;2016;37659544,75;12164383,35;0;0
4018;3;7399;2016;0;0;0;0
4018;3;7369;2016;0;0;0;0
4007;3;7607;2016;21134562,15;0;0;0
4007;3;7441;2016;9045519,07;0;0;643271,45
4007;3;7429;2016;181847,89;0;0;3270,32
4007;3;7426;2016;1297184,73;0;0;0
4008;3;7379;2016;602001,38;0;0;0
4012;3;7436;2016;57615092,45;0;51301,69;9259586,78
4012;1;7344;2016;47805188;17513356,78;174542,04;0
4012;3;7434;2016;981221,46;0;0;0
4015;3;7440;2016;13049869,58;0;0;658593,46
4015;3;7598;2016;10498096,2;0;0;0
4018;3;7370;2016;106885624,29;47323234,6;0;0
4018;3;7437;2016;992611,87;0;0;0
4018;3;7436;2016;112014700,69;0;115218,7;17296494,36
4014;3;7608;2016;7625102,63;0;0;0
4007;3;7361;2016;352434299,71;389946588,55;0;0
4007;3;7595;2016;1059008,27;0;0;0
4008;3;7417;2016;163915,97;0;0;0
4009;3;7357;2016;76729041,96;0;0;0
4009;3;7600;2016;844858,18;0;0;454642,32
4008;2;7345;2016;217783193,26;94113085,79;13284544,9;0
4010;3;7432;2016;981489,3;0;0;88834,88
4010;3;7428;2016;192183,78;0;987,55;0
4012;3;7426;2016;1245765,33;0;0;0
4012;4;7350;2016;102215235,14;22501144,02;4713234,66;0
4010;3;7354;2016;90769,31;0;0;0
4011;3;7423;2016;489259,06;0;1297,81;0
4011;3;7360;2016;749252,14;0;0;0
4011;3;7612;2016;0;0;0;0
4011;3;7605;2016;159654,8;0;0;0
4012;3;7438;2016;7835849,63;0;216058,88;0
4013;3;7428;2016;209316,31;0;880;0
4014;3;7361;2016;369220574,97;406286323,63;0;0
4014;3;7423;2016;925977,5;0;1297,81;0
4015;3;7601;2016;402296,82;0;0;0
4015;3;7606;2016;145813,46;0;0;0
4018;3;7363;2016;1536196,98;0;0;0
4018;3;7439;2016;0;0;0;0
4011;3;7608;2016;7223151,58;0;0;0
4009;3;7417;2016;168066,83;0;0;0
4010;3;7349;2016;12728698,74;0;0;0
4010;3;7357;2016;75858853,31;0;0;0
4010;3;7600;2016;866229,58;0;0;253639,72
4011;3;7397;2016;578854,33;0;0;0
4011;3;7599;2016;42212,4;0;0;0
4012;3;7360;2016;656304,05;0;0;0
4007;2;7346;2016;0;0;0;0
4007;3;7360;2016;658272,51;0;0;0
4008;3;7403;2016;991273,89;0;0;0
4008;1;7343;2016;49448471,81;22973403,13;173763,76;0
4007;3;7434;2016;1032920,27;0;0;0
4009;3;7368;2016;5935591,58;0;0;49,49
4009;3;7436;2016;58568363,5;0;81366,66;9057878,58
4009;3;7435;2016;4460880,69;0;0;168636,8
4010;3;7395;2016;0;0;0;0
4010;3;7603;2016;300055,98;0;0;0
4013;3;7362;2016;639770249,69;0;0;217929,08
4013;3;7383;2016;0;0;0;0
4014;3;7430;2016;2315863,33;0;880;0
4016;3;7603;2016;157264,53;0;0;0
4016;3;7376;2016;595866,29;0;0;0
4017;4;7352;2016;0;0;0;0
4013;3;7608;2016;7025933,81;0;0;0
4008;3;7598;2016;10540819,99;0;0;0
4007;3;7598;2016;9583646,59;0;0;11318,67
4008;3;7383;2016;0;0;0;0
4009;3;7431;2016;636230,87;0;0;0
4009;3;7405;2016;819681,2;0;0;0
4009;3;7407;2016;388389,04;0;0;0
4009;3;7430;2016;1463191,34;0;880;0
4009;3;7425;2016;0;0;0;0
4010;3;7365;2016;787208,86;0;0;0
4011;3;7441;2016;7931143,94;0;293,33;527765,53
4011;3;7387;2016;131566150,34;0;0;0
4011;3;7595;2016;1006966,73;0;0;0
4013;3;7436;2016;57647895,89;0;67935,66;9011917,31
4013;3;7437;2016;530021,83;0;0;0
4013;3;7439;2016;0;0;0;0
4014;3;7437;2016;501991,11;0;0;0
4015;3;7360;2016;629920,46;0;0;0
4017;3;7418;2016;2115391,91;0;0;0
4018;3;7427;2016;2162756,03;0;0;0
4007;3;7348;2016;558126,78;0;0;0
4009;3;7348;2016;523257,21;0;0;0
4010;3;7400;2016;922098,4;0;0;0
4012;3;7441;2016;8176955,74;0;293,33;560223,9
4011;3;7400;2016;885603,26;0;0;0
4012;3;7381;2016;2275285,4;0;0;0
4012;3;7418;2016;2162691,69;0;0;2017,08
4013;3;7395;2016;0;0;0;0
4013;3;7440;2016;13159883,89;0;0;753765,12
4013;3;7376;2016;680161,84;0;0;0
4014;3;7415;2016;23649173,06;0;8800;0
4014;3;7418;2016;1975451,18;0;0;151,93
4014;3;7399;2016;0;0;0;0
4014;3;7369;2016;0;0;0;0
4015;3;7370;2016;55199951,95;23780823,24;0;0
4012;3;7435;2016;4326184,52;0;0;82580,23
4013;3;7431;2016;624156,32;0;0;0
4014;3;7422;2016;4650516,66;0;0;0
4014;4;7351;2016;0;0;0;0
4015;3;7417;2016;168973,12;0;0;0
4015;3;7425;2016;0;0;0;0
4016;1;7343;2016;53958519,88;24481763,76;168708,84;0
4016;3;7612;2016;0;0;0;0
4017;3;7525;2016;135398,84;0;0;0
4017;3;7400;2016;855806,23;0;0;0
4018;3;7431;2016;3673721,37;0;0;0
4007;3;7368;2016;6284028,79;0;0;17353,51
4008;3;7600;2016;889123,93;0;0;22959,91
4007;3;7359;2016;392310,32;0;0;0
4008;2;7347;2016;1819222,27;695213,62;121207,16;0
4008;3;7425;2016;0;0;0;0
4009;3;7602;2016;552547,89;0;0;0
4009;3;7354;2016;94125,25;0;0;0
4010;3;7430;2016;1506708,71;0;880;0
4010;3;7423;2016;422010,79;0;1297,81;0
4010;2;7345;2016;207925763,81;75209066,01;13242017,42;0
4011;3;7440;2016;13001273,78;0;0;639743,76
4011;1;7610;2016;0;0;0;0
4012;3;7430;2016;1476512,69;0;880;0
4013;3;7433;2016;800143,69;0;0;0
4013;3;7427;2016;808490,7;0;0;0
4014;3;7441;2016;8076472,39;0;293,33;606173,38
4014;3;7439;2016;0;0;0;0
4014;3;7411;2016;5991,31;714479357,91;129883958,14;0
4015;1;7343;2016;55198812,7;24592698,51;191539,55;0
4015;2;7345;2016;234841734,98;63804178,19;13552458,29;0
4016;3;7373;2016;70329682,19;0;0;71619622,8
4016;2;7347;2016;1920869,5;766546,94;127522,79;0
4017;3;7396;2016;1945416,63;0;0;0
4017;3;7439;2016;0;0;0;0
4018;2;7345;2016;483391146,82;146805993,62;25607915,55;0
4010;3;7609;2016;527468,57;0;0;0
4007;3;7421;2016;1365549,59;0;0;0
4008;3;7365;2016;792289,12;0;0;0
4009;3;7361;2016;359840661,2;400574905,74;0;0
4012;3;7411;2016;6096,31;688193263,98;132936604,05;0
4013;3;7360;2016;629214,49;0;0;0
4013;3;7385;2016;1644901,56;0;0;0
4013;3;7416;2016;0;0;0;0
4015;3;7441;2016;7954864,27;0;293,33;603352,77
4016;3;7386;2016;9278030,92;0;0;341160,53
4017;1;7344;2016;54134904,63;18343472,34;174541,99;0
4017;3;7603;2016;438088,16;0;0;0
4017;3;7437;2016;505021,79;0;0;0
4018;3;7395;2016;0;0;0;0
4015;1;7597;2016;0;0;0;0
4015;3;7363;2016;786216,96;0;0;0
4015;3;7423;2016;411720,25;0;1297,81;0
4016;3;7595;2016;937025,54;0;0;0
4017;3;7370;2016;55922401,55;25891344,37;0;0
4018;3;7365;2016;1522914,09;0;0;0
4018;3;7603;2016;617199,34;0;0;0
4018;3;7633;2016;0;0;0;0
4008;1;7597;2016;0;0;0;0
4008;3;7434;2016;1028981,16;0;0;0
4015;3;7372;2016;19539412,68;6232997,01;0;0
4010;3;7601;2016;394731,45;0;0;0
4011;4;7352;2016;0;0;0;0
4012;3;7598;2016;10873395,51;0;0;1276,4
4012;3;7372;2016;18936155,95;6931273,53;0;0
4012;3;7354;2016;96006,43;0;0;0
4014;1;7610;2016;0;0;0;0
4015;3;7407;2016;400383,72;0;0;0
4015;3;7432;2016;899829,5;0;0;70285,55
4015;3;7605;2016;143660,15;0;0;0
4016;3;7368;2016;6577315,35;0;0;3254,6
4017;3;7595;2016;956569,03;0;0;0
4018;3;7434;2016;1950167,62;0;0;0
4018;3;7400;2016;1684873,09;0;0;0
4018;3;7429;2016;304827,21;0;0;0
4008;3;7428;2016;195013,72;0;1026,66;0
4009;3;7349;2016;16360974,74;0;0;0
4008;3;7348;2016;527940,58;0;0;0
4010;3;7599;2016;38457,04;0;0;0
4011;3;7405;2016;898399,11;0;0;0
4011;2;7345;2016;243693044,58;128120388,84;13531396,23;0
4012;3;7596;2016;8760196,05;0;0;1194618,51
4012;3;7376;2016;748400;0;0;0
4013;3;7415;2016;18250311,55;0;8800;-2368,72
4013;3;7365;2016;842444,14;0;0;0
4014;3;7604;2016;686676,84;0;0;0
4014;3;7374;2016;0;0;0;0
4015;3;7396;2016;1792548,1;0;0;0
4016;3;7632;2016;0;0;0;0
4017;3;7436;2016;57495889,58;0;71528,21;9626739,51
4018;3;7380;2016;0;0;0;0
4017;3;7607;2016;25319559,85;0;0;0
4007;3;7430;2016;1699063,46;0;880;0
4007;3;7400;2016;1040252,53;0;0;0
4010;3;7399;2016;0;0;0;0
4010;3;7606;2016;159165,6;0;0;0
4008;3;7418;2016;2021504,99;0;0;291,68
4009;2;7347;2016;1823099,9;695213,62;121207,16;0
4013;3;7598;2016;10699663,28;0;0;0
4015;3;7525;2016;52159,79;0;0;0
4017;3;7605;2016;11252,84;0;0;0
4018;3;7435;2016;8344348,28;0;0;15092,09
4012;1;7597;2016;0;0;0;0
4018;3;7608;2016;12392657,45;0;0;0
4007;3;7396;2016;1654734,84;0;0;0
4010;3;7376;2016;755771,17;0;0;0
4011;3;7421;2016;1269853,62;0;0;0
4011;3;7349;2016;14154722,68;0;0;0
4011;3;7371;2016;465530,33;0;0;0
4012;3;7421;2016;1255904,84;0;0;0
4013;3;7367;2016;29055231,53;0;0;30254,1
4013;3;7596;2016;8681006,92;0;0;1192578,33
4014;3;7598;2016;10407467,31;0;0;0
4014;3;7395;2016;0;0;0;0
4014;3;7421;2016;1232937,08;0;0;0
4015;3;7405;2016;996654,95;0;0;0
4016;3;7361;2016;380072430,41;418579232,32;0;0
4016;3;7600;2016;775580,38;0;0;242665,96
4017;3;7361;2016;747169466,76;821250995,4;0;0
4017;3;7379;2016;518922,2;0;0;0
4017;3;7385;2016;1660425,29;0;0;0
4017;3;7431;2016;571938,84;0;0;0
4008;3;7438;2016;8290122,19;0;229465,99;0
4007;3;7353;2016;362894,55;0;0;0
4009;3;7441;2016;7921452,67;0;0;564488,87
4009;2;7345;2016;216555981,08;99649051,63;13158236,72;0
4010;3;7440;2016;12644951,28;0;0;709658,07
4010;3;7387;2016;127874129,42;0;0;0
4011;3;7385;2016;1672772,33;0;0;0
4012;3;7433;2016;794382,8;0;0;0
4014;3;7432;2016;915014,15;0;0;83433,69
4014;3;7368;2016;6558353,49;0;0;84,44
4014;3;7370;2016;54926857,79;23646183,39;0;0
4014;3;7600;2016;972377,72;0;0;25992,71
4013;3;7603;2016;315072,18;0;0;0
4014;3;7357;2016;74930066,57;0;0;0
4014;3;7426;2016;1195926,51;0;0;0
4015;3;7362;2016;653152715,41;0;0;198424,05
4015;3;7433;2016;756794,77;0;0;0
4015;3;7369;2016;0;0;0;0
4015;3;7349;2016;24964198,9;0;0;0
4015;3;7603;2016;305574,87;0;0;0
4017;3;7441;2016;8128049,89;0;293,33;608312,66
4018;3;7596;2016;19213032,12;0;0;2049387,03
4007;1;7597;2016;0;0;0;0
4012;2;7346;2016;0;0;0;0
4011;3;7606;2016;155588,49;0;0;0
4011;3;7435;2016;4294498,17;0;0;120525,56
4012;3;7353;2016;320978,89;0;0;0
4014;3;7367;2016;28469504,58;0;0;17738,03
4014;3;7416;2016;0;0;0;0
4015;3;7386;2016;9385606,07;0;0;340655,93
4015;2;7347;2016;1904371,89;766546,94;118049,33;0
4015;3;7599;2016;38848,88;0;0;0
4016;1;7344;2016;31633628,49;12301395,98;118227,02;0
4016;3;7599;2016;39054,28;0;0;0
4016;3;7602;2016;408743,68;0;0;0
4018;3;7428;2016;390694,7;0;440;0
4017;4;7351;2016;0;0;0;0
4007;3;7431;2016;645997,69;0;0;0
4008;3;7349;2016;10944387,46;0;0;0
4009;3;7353;2016;322295,15;0;0;0
4009;3;7418;2016;2107215,98;0;0;0
4008;3;7359;2016;355470,51;0;0;0
4010;3;7362;2016;542035078,72;0;0;210824,73
4012;3;7387;2016;126462681,49;0;0;0
4011;3;7437;2016;577002,58;0;0;0
4012;3;7429;2016;164481,57;0;0;1679,71
4012;3;7374;2016;0;0;0;0
4013;3;7372;2016;18640367,1;6025350,49;0;0
4014;3;7601;2016;394211,34;0;0;0
4016;3;7399;2016;0;0;0;0
4017;1;7343;2016;54082220,16;24589385,17;168708,84;0
4017;3;7383;2016;0;0;0;0
4016;3;7413;2016;0;0;15418615,46;0
4018;3;7385;2016;3294614,23;0;0;0
4017;3;7608;2016;9870788,84;0;0;0
4012;3;7609;2016;493369,41;0;0;0
4008;3;7422;2016;4282243,13;0;0;0
4009;3;7595;2016;998222,45;0;0;0
4009;3;7416;2016;0;0;0;0
4008;3;7401;2016;203716,29;0;0;0
4010;3;7426;2016;1242474,15;0;0;0
4012;3;7415;2016;38717393,54;0;8800;4897,57
4012;3;7601;2016;448314,95;0;0;0
4011;3;7416;2016;0;0;0;0
4013;3;7364;2016;0;0;0;0
4013;3;7369;2016;0;0;0;0
4015;1;7344;2016;31508690,25;12287633,87;118227,02;0
4016;3;7427;2016;845889,37;0;0;0
4016;3;7598;2016;10396539,93;0;0;0
4016;3;7422;2016;4611717,78;0;0;0
4018;3;7372;2016;20280366,83;6128325,33;0;0
4007;3;7596;2016;9132428,82;0;0;1173198,31
4009;3;7411;2016;6154,15;640358234,15;129342005,16;0
4008;3;7599;2016;39320,96;0;0;0
4009;3;7369;2016;0;0;0;0
4010;3;7359;2016;341034,09;0;0;0
4013;3;7432;2016;962968,77;0;0;83032,11
4014;3;7409;2016;0;0;0;0
4015;3;7424;2016;659210,51;0;103471375,26;0
4016;4;7350;2016;93054078,43;29466551,74;4683516,12;0
4017;2;7347;2016;2503578,36;2049309,16;121207,16;0
4018;1;7610;2016;0;0;0;0
4008;3;7607;2016;18543951,89;0;0;0
4008;1;7344;2016;32289687,92;11289631,24;118227,02;0
4007;3;7401;2016;208877,02;0;0;0
4007;3;7432;2016;1019261,72;0;0;89581,97
4009;2;7346;2016;0;0;0;0
4010;3;7441;2016;7724648,75;0;586,66;536850,47
4010;3;7381;2016;2268167,5;0;0;0
4010;3;7605;2016;150154,37;0;0;0
4007;3;7606;2016;151273,04;0;0;0
4008;3;7601;2016;461174,01;0;0;0
4011;3;7386;2016;9550898,27;0;0;358725,24
4011;3;7396;2016;1680696,63;0;0;0
4011;3;7404;2016;563385,04;0;0;0
4011;3;7417;2016;186251,56;0;0;0
4012;3;7349;2016;13229691,17;0;0;0
4013;3;7600;2016;820625,04;0;0;26348,15
4014;3;7400;2016;875014,33;0;0;0
4015;3;7368;2016;6509618,78;0;0;1438,06
4016;3;7405;2016;926337,29;0;0;0
4016;1;7610;2016;0;0;0;0
4017;3;7362;2016;644633333,89;0;0;161734,47
4017;3;7423;2016;411210,4;0;1297,81;0
4017;2;7346;2016;0;0;0;0
4017;3;7435;2016;4889943,21;0;0;8717,49
4018;3;7595;2016;1900122,09;0;0;0
4018;1;7343;2016;91983439,66;40245250,01;274472,08;0
4018;4;7351;2016;0;0;0;0
4018;3;7612;2016;0;0;0;0
4007;3;7367;2016;29294400,57;0;0;242481,36
4007;3;7357;2016;82722587,03;0;0;0
4008;3;7372;2016;18851991;6948697,73;0;0
4008;3;7353;2016;324872,6;0;0;0
4009;3;7367;2016;28816787,41;0;0;220235,89
4009;3;7419;2016;474012,91;0;0;0
4010;3;7415;2016;26216348,93;0;9621,38;0
4010;3;7360;2016;583980,31;0;0;0
4011;3;7369;2016;0;0;0;0
4012;3;7348;2016;515487,7;0;0;0
4013;2;7347;2016;2858233,5;1049715,01;155198,18;0
4013;3;7374;2016;0;0;0;0
4014;3;7433;2016;769096,98;0;0;0
4015;3;7403;2016;938346,53;0;0;0
4017;3;7404;2016;519381,46;0;0;0
4008;3;7404;2016;552433,43;0;0;0
4009;3;7598;2016;10919700,87;0;0;0
4009;3;7403;2016;967889,24;0;0;0
4008;3;7429;2016;171315,11;0;0;3265,5
4010;3;7404;2016;872287,42;0;0;0
4010;3;7401;2016;187551,56;0;0;0
4014;3;7436;2016;56115883,04;0;84569,63;9216530,63
4014;2;7347;2016;1966184,87;767747,29;118049,33;0
4012;3;7385;2016;1686448,43;0;0;0
4013;3;7403;2016;944022,86;0;0;0
4013;3;7430;2016;1495208,12;0;880;0
4014;3;7365;2016;790892,71;0;0;0
4014;1;7344;2016;31679689,47;12143679,41;118227,02;0
4014;3;7602;2016;423114,02;0;0;2018,98
4015;3;7602;2016;422960,82;0;0;0
4017;3;7422;2016;4603386,22;0;0;0
4017;3;7386;2016;9807920,42;0;0;314272,09
4017;3;7376;2016;0;0;0;0
4018;3;7604;2016;1349624,79;0;0;0
4008;3;7608;2016;6526373,72;0;0;0
4018;1;7597;2016;0;0;0;0
4015;3;7609;2016;538512,81;0;0;0
4007;3;7600;2016;952698,64;0;0;0
4008;3;7396;2016;1677587,84;0;0;0
4010;2;7346;2016;0;0;0;0
4010;3;7422;2016;5212305,34;0;0;0
4010;3;7407;2016;400036,56;0;0;0
4010;3;7416;2016;0;0;0;0
4012;3;7605;2016;147268,97;0;0;0
4012;3;7371;2016;467934,61;0;0;0
4013;3;7441;2016;8105880,76;0;293,33;583872,33
4014;3;7424;2016;657066,43;0;102656286,52;0
4015;4;7351;2016;0;0;0;0
4016;3;7415;2016;19959292,37;0;8800;0
4016;3;7441;2016;8098599,72;0;293,33;612700,88
4016;4;7352;2016;0;0;0;0
4016;3;7525;2016;110973,09;0;0;0
4016;3;7397;2016;567271,53;0;0;0
4016;3;7425;2016;0;0;0;0
4017;3;7360;2016;577412,72;0;0;0
4017;3;7411;2016;5871,31;743432178,87;131724437,88;0
4018;3;7609;2016;865073,85;0;0;0
4007;1;7344;2016;33962309,56;11289162,63;118227,02;0
4007;3;7424;2016;657261,3;0;101326717,62;0
4008;3;7606;2016;153477,94;0;0;0
4008;3;7431;2016;614705,66;0;0;0
4008;1;7610;2016;0;0;0;0
4009;3;7606;2016;163706,92;0;0;0
4010;3;7403;2016;991277,29;0;0;0
4010;3;7596;2016;8644007,57;0;0;1175728,98
4013;3;7435;2016;4524628,79;0;0;21602,38
4013;3;7606;2016;154853,11;0;0;0
4013;3;7413;2016;0;0;15536203,57;0
4014;3;7417;2016;182194,16;0;0;0
4016;3;7436;2016;55885209,87;0;66600,91;9297056,02
4017;3;7601;2016;388366,61;0;0;0
4018;3;7349;2016;109111309,97;0;0;0
4018;3;7417;2016;317394,94;0;0;0
4007;3;7608;2016;6315508,23;0;0;0
4016;3;7608;2016;7067972,25;0;0;0
4015;3;7371;2016;476689,97;0;0;0
4016;3;7396;2016;1960458,87;0;0;0
4017;3;7415;2016;16863727,82;0;8800;0
4017;3;7403;2016;898576,91;0;0;0
4007;3;7373;2016;58846573,48;0;0;65169033,7
4007;3;7383;2016;0;0;0;0
4008;3;7368;2016;5877374,69;0;0;1526,67
4009;3;7440;2016;11886528,03;0;0;458782,78
4010;3;7438;2016;8155654,27;0;228330,37;0
4010;3;7361;2016;382594361,45;425572282,86;0;0
4010;3;7383;2016;0;0;0;0
4011;3;7401;2016;182752,86;0;0;0
4012;3;7396;2016;1647185,28;0;0;0
4013;3;7425;2016;0;0;0;0
4014;4;7350;2016;88360074,37;22879752,42;4666582,75;0
4015;3;7400;2016;866383,19;0;0;0
4016;3;7418;2016;2089293,3;0;0;0
4016;3;7435;2016;4526979,76;0;0;7273,15
4016;3;7419;2016;453890,22;0;0;0
4017;3;7373;2016;62435709,98;0;0;52778485
4018;3;7433;2016;1532623,62;0;0;0
4007;2;7347;2016;1860346,99;713312,73;150214,39;0
4007;3;7435;2016;4588975,03;0;0;189237,95
4008;3;7432;2016;975820,35;0;0;86858,56
4009;3;7363;2016;853205,37;0;0;0
4009;3;7370;2016;54516186,7;22358121,88;0;0
4009;3;7383;2016;0;0;0;0
4010;4;7350;2016;84819734,23;21392735,14;4726787,22;0
4012;3;7368;2016;5982353,64;0;0;8284,84
4011;3;7433;2016;800298,79;0;0;0
4011;3;7432;2016;984576,52;0;0;85693,44
4011;3;7395;2016;0;0;0;0
4011;3;7413;2016;0;0;15868594,42;0
4014;3;7360;2016;567753,79;0;0;0
4014;3;7396;2016;1909300,82;0;0;0
4014;3;7404;2016;514589,64;0;0;0
4014;3;7612;2016;0;0;0;0
4015;3;7418;2016;2356239,28;0;0;0
4016;3;7365;2016;744199,29;0;0;0
4016;3;7409;2016;0;0;0;0
4017;3;7428;2016;190134,97;0;440;0
4018;3;7386;2016;19713711,46;0;0;614090,06
4018;3;7438;2016;15221866,86;0;441731,54;0
4017;3;7380;2016;0;0;0;0
4018;3;7600;2016;1527287,61;0;0;223459,5
4007;3;7362;2016;471910037,22;0;0;136818,76
4007;3;7411;2016;6184,15;631604209,09;131110033,59;0
4008;3;7427;2016;582571,67;0;0;0
4010;3;7434;2016;999062,39;0;0;0
4012;3;7409;2016;0;0;0;0
4010;3;7397;2016;567302,6;0;0;0
4012;2;7347;2016;2326910,16;1388708,36;121207,16;0
4008;2;7346;2016;0;0;0;0
4008;3;7399;2016;0;0;0;0
4009;3;7373;2016;66703604,56;0;0;63721781,55
4009;3;7413;2016;2418,63;0;16036535,47;0
4010;3;7386;2016;9358178,74;0;0;357854,37
4011;3;7429;2016;168610,45;0;0;1643,56
4012;3;7404;2016;549930,17;0;0;2874,32
4014;3;7434;2016;984112,7;0;0;0
4014;3;7401;2016;180716,44;0;0;0
4015;3;7439;2016;0;0;0;0
4016;3;7367;2016;27877549,22;0;0;5785,88
4017;3;7354;2016;0;0;0;0
4018;3;7361;2016;398705132,19;416088075,58;0;0
4016;3;7607;2016;18418215,54;0;0;0
4010;3;7433;2016;819542,04;0;0;0
4008;3;7421;2016;1491306,38;0;0;0
4008;3;7407;2016;395724,43;0;0;0
4009;3;7397;2016;568611,22;0;0;0
4009;3;7404;2016;521698,99;0;0;466,07
4010;3;7602;2016;525227,15;0;0;0
4011;3;7367;2016;29200773,99;0;0;99189,23
4011;3;7418;2016;2361503,67;0;0;466,93
4011;3;7601;2016;413365,36;0;0;0
4011;3;7425;2016;0;0;0;0
4012;3;7369;2016;0;0;0;0
4013;1;7343;2016;68818271,77;33707235,24;274962,09;0
4013;3;7353;2016;306943,03;0;0;0
4013;3;7401;2016;166605,6;0;0;0
4014;3;7381;2016;2221693,73;0;0;0
4014;3;7407;2016;389630,28;0;0;0
4015;3;7357;2016;74155589,97;0;0;0
4015;3;7404;2016;518591,25;0;0;0
4017;3;7387;2016;127085564,21;0;0;0
4017;3;7381;2016;2259580;0;0;0
4017;3;7416;2016;0;0;0;0
4009;3;7607;2016;22302433,26;0;0;0
4016;1;7597;2016;0;0;0;0
4008;3;7602;2016;536756,8;0;0;0
4009;3;7385;2016;1657574,75;0;0;0
4010;3;7419;2016;477790,38;0;0;0
4010;3;7409;2016;0;0;0;0
4011;3;7436;2016;56515480,79;0;66365,11;9100989,46
4012;3;7419;2016;476555,8;0;0;0
4014;3;7348;2016;506426,78;0;0;0
4012;2;7345;2016;254940128,39;82188520,29;13785033,77;0
4013;3;7438;2016;7964288;0;217711,76;0
4013;3;7602;2016;425903,04;0;0;88,94
4013;3;7400;2016;896340,3;0;0;0
4013;3;7379;2016;585100,36;0;0;0
4016;3;7440;2016;13130241,36;0;0;679112,78
4016;3;7360;2016;666624,39;0;0;0
4016;3;7437;2016;505852,69;0;0;0
4016;3;7354;2016;94223,77;0;0;0
4017;3;7604;2016;684763,56;0;0;0
4018;4;7350;2016;121809597,48;25040891,61;3644941,49;0
4018;3;7415;2016;31405048,64;0;14520;0
4007;3;7371;2016;545239,41;0;0;0
4008;3;7435;2016;4413719,35;0;0;179241,14
4008;3;7426;2016;1268552,15;0;0;0
4008;3;7436;2016;57628696,74;0;48613,85;9205192,46
4010;3;7405;2016;1018331,52;0;0;0
4010;3;7411;2016;6139,15;642172638,84;130526518,97;0
4010;3;7427;2016;738844,48;0;0;0
4011;1;7344;2016;32014013,05;11612037,2;118227,02;0
4012;3;7439;2016;0;0;0;0
4012;4;7351;2016;0;0;0;0
4013;3;7399;2016;0;0;0;0
4015;3;7387;2016;133062851,38;0;0;0
4015;3;7434;2016;1025786,56;0;0;0
4015;3;7612;2016;0;0;0;0
4017;3;7427;2016;368154,4;0;0;0
4017;3;7363;2016;830162,87;0;0;0
4018;3;7407;2016;774970,52;0;0;0
4018;3;7376;2016;0;0;0;0
4007;3;7365;2016;770612,78;0;0;0
4008;3;7424;2016;656046,27;0;101894396,85;0
4008;3;7371;2016;506976,24;0;0;0
4008;3;7416;2016;0;0;0;0
4011;3;7415;2016;18140677,47;0;8800;0
4011;3;7383;2016;0;0;0;0
4011;3;7426;2016;1253429,11;0;0;0
4011;3;7380;2016;0;0;0;0
4013;3;7422;2016;4845145,47;0;0;0
4014;3;7385;2016;1615262,13;0;0;0
4015;3;7413;2016;0;0;15788439,4;0
4017;3;7409;2016;0;0;0;0
4018;3;7599;2016;79624,91;0;0;0
4018;3;7397;2016;1183736,29;0;0;0
4018;3;7418;2016;4113347,65;0;0;0
4018;3;7381;2016;4311057,21;0;0;0
4017;3;7632;2016;0;0;0;0
